{
  "backgroundTextStyle": "dark",
  "navigationBarBackgroundColor": "#fff",
  "navigationBarTitleText": "",
  "navigationBarTextStyle": "black",
  "backgroundColor": "#FFF",
  "enablePullDownRefresh": true,
  "usingComponents": {
    "u-button": "/components/button/index",
    "u-spin": "/components/spin/index",
    "dc-search": "/sub/Decorate/components/search/index",
    "dc-carousel": "/sub/Decorate/components/carousel/index",
    "dc-commodity": "/sub/Decorate/components/commodity/index",
    "dc-video": "/sub/Decorate/components/video/index",
    "dc-title": "/sub/Decorate/components/title/index",
    "dc-text": "/sub/Decorate/components/text/index",
    "dc-picture-navigation": "/sub/Decorate/components/picture-navigation/index",
    "dc-picture": "/sub/Decorate/components/picture/index",
    "dc-pintuan": "/sub/Decorate/components/pintuan/index",
    "dc-seckill": "/sub/Decorate/components/seckill/index",
    "dc-coupon": "/sub/Decorate/components/coupon/index"
  }
}
