{
  "usingComponents": {
    "no-record": "../../components/noRecord/index",
    "success-prompt": "../components/successPrompt/index",
    "bargain-campaign-info": "../components/bargainCampaignInfo/index",
    "bargain-progress": "../components/bargainProgress/index",
    "bargain-helper": "../components/bargainHelper/index",
    "back-home-with-circle": "../../components/backHomeWithCircle/index"
  },
  "backgroundColor": "#FF6A23",
  "navigationBarBackgroundColor": "#FF6A23",
  "navigationBarTextStyle": "white",
  "navigationBarTitleText": "好友一起砍",
  "enablePullDownRefresh": true
}