{
  "usingComponents": {
    "new-specification-panel": "../../components/specificationSelectPanel/newSpecification",
    "simple-sku-selector": "../../components/skuSelector/simpleSkuSelector",
    "service-list": "../../components/serviceList/index",
    "recommendation": "../../components/productRecommendation/index",
    "product-details": "../../components/productDetails/index",
    "count-down": "../../components/countDown/index"
  },
  "navigationBarTitleText": "商品详情",
  "enablePullDownRefresh": true
}