{
  "usingComponents": {
    "no-record": "../../components/noRecord/v2",
    "slideshow": "../../components/slideshow/index",
    "campaign-status-bar": "../../components/campaignStatusBar/v2",
    "campaign-name": "../../components/campaignName/index",
    "campaign-rules": "../../components/campaignRules/index",
    "new-specification-panel": "../../components/specificationSelectPanel/newSpecification",
    "simple-sku-selector": "../../components/skuSelector/simpleSkuSelector",
    "service-list": "../../components/serviceList/index",
    "campaign-description": "../components/campaignDescription/v2",
    "recommendation": "../../components/productRecommendation/index",
    "product-details": "../../components/productDetails/index",
    "white-btn-icon-group": "../../components/btnIconGroup/index",
    "share-menu-modal": "../../components/shareMenuModal/index",
    "close": "../../components/close/index"
  },
  "navigationBarBackgroundColor": "#fff",
  "navigationBarTextStyle": "black",
  "navigationBarTitleText": "商品详情",
  "enablePullDownRefresh": true
}