{
  "backgroundTextStyle": "dark",
  "navigationBarBackgroundColor": "#fff",
  "navigationBarTitleText": "全部商品",
  "navigationBarTextStyle": "black",
  "backgroundColor": "#FFF",
  "enablePullDownRefresh": true,
  "usingComponents": {
    "u-input-number": "/components/input-number/index",
    "u-button": "/components/button/index",
    "u-icon": "/components/icon/index",
    "u-spin": "/components/spin/index",
    "u-image": "/components/image/index",
    "u-action-sheet": "/components/action-sheet/index",
    "u-authorized": "/components/authorized/index",
    "u-tabs": "/components/tabs/index",
    "u-cart": "/components/cart-modal/index",
    "u-footer": "/components/footer/index",
    "u-drawer": "/components/drawer/index"
  }
}
