{
  "backgroundTextStyle": "light",
  "navigationBarBackgroundColor": "#fff",
  "navigationBarTitleText": "订单详情",
  "navigationBarTextStyle": "black",
  "usingComponents": {
    "u-spin": "/components/spin/index",
    "u-button": "/components/button/index",
    "u-modal": "/components/modal/index",
    "countdown": "/components/countdown/index",
    "store-details": "./components/store-details/index",
    "store-qrcode": "./components/store-qrcode/index",
    "ui-icon": "/components/ui-icon/index",
    "u-icon": "/components/icon/index",
    "u-footer": "/components/footer/index"
  }
}
