{
  "usingComponents": {
    "no-record": "../../components/noRecord/v2",
    "pack-buy-banner": "../components/banner/index",
    "list-item": "../../components/listItem/index",
    "no-more-area": "../../components/noMoreArea/index",
    "footer-shopping-cart": "../components/footerShoppingCart/index",
    "simple-sku-selector": "../../components/skuSelector/simpleSkuSelector",
    "back-home-with-circle": "../../components/backHomeWithCircle/index"
  },
  "backgroundColor": "#FFFFFF",
  "navigationBarBackgroundColor": "#FFFFFF",
  "navigationBarTextStyle": "black",
  "navigationBarTitleText": "打包一口价",
  "enablePullDownRefresh": true
}