{
  "backgroundTextStyle": "light",
  "navigationBarTitleText": "确认订单",
  "navigationBarTextStyle": "black",
  "usingComponents": {
    "u-action-sheet": "/components/action-sheet/index",
    "u-button": "/components/button/index",
    "u-cell": "/components/cell/index",
    "u-coupon": "/components/coupon/index",
    "u-spin": "/components/spin/index",
    "ui-icon": "/components/ui-icon/index",
    "u-icon": "/components/icon/index",
    "consignee-form": "./components/consignee-form/index",
    "u-switch": "/components/switch/index"
  }
}
