{
  "usingComponents": {
    "no-record": "../../components/noRecord/v2",
    "slideshow": "../../components/slideshow/index",
    "campaign-status-bar": "../../components/campaignStatusBar/v2",
    "campaign-name": "../../components/campaignName/index",
    "specification-select-panel": "../../components/specificationSelectPanel/newSpecification",
    "simple-sku-selector": "../../components/skuSelector/simpleSkuSelector",
    "service-list": "../../components/serviceList/index",
    "add-address": "../components/addAddress/index",
    "product-recommendation": "../../components/productRecommendation/index",
    "product-details": "../../components/productDetails/index",
    "white-btn-icon-group": "../../components/btnIconGroup/index"
  },
  "navigationBarTitleText": "商品详情",
  "enablePullDownRefresh": true
}