{
  "usingComponents": {
    "no-record": "../../components/noRecord/v2",
    "slideshow": "../../components/slideshow/index",
    "campaign-status-bar": "../../components/campaignStatusBar/v2",
    "campaign-name": "../../components/campaignName/index",
    "cell-container": "../../components/cellContainer/index",
    "specification-select-panel": "../../components/specificationSelectPanel/newSpecification",
    "simple-sku-selector": "../../components/skuSelector/simpleSkuSelector",
    "service-list": "../../components/serviceList/index",
    "product-details": "../../components/productDetails/index",
    "footer-shopping-cart": "../components/footerShoppingCart/index"
  },
  "navigationBarTitleText": "商品详情",
  "navigationBarBackgroundColor": "#fff",
  "navigationBarTextStyle": "black",
  "enablePullDownRefresh": true
}