{
  "extAppid": "wxba13dadb127eca06",
  "extEnable": true,
  "directCommit": false,
  "ext": {
    "tenantCode": "88000785",
    "appCode": "APP052547",
    "host": {
      "API_HOST": "https://casaba-bff-uat.baozun.com",
      "API_HOST_PLUS": "https://casabaplus-sandbox.baozun.com",
      "invokeSource": "http://88000785.casaba.com",
      "HH_API_HOST": "https://honghuapi-sandbox.baozun.com"
    },
    "tabBarList": [
      {
        "pagePath": "pages/home/home",
        "text": "首页",
        "iconPath": "/assets/tabbar/home.png",
        "selectedIconPath": "/assets/tabbar/home_hover.png"
      },
      {
        "pagePath": "sub/Commodity/pages/plp/plp",
        "text": "全部商品",
        "iconPath": "/assets/tabbar/kind.png",
        "selectedIconPath": "/assets/tabbar/kind_hover.png"
      },
      {
        "pagePath": "sub/Store/pages/storeProducts/index",
        "text": "门店",
        "iconPath": "/assets/tabbar/kind.png",
        "selectedIconPath": "/assets/tabbar/kind_hover.png"
      },
      {
        "pagePath": "sub/Pay/pages/shopcart/shopcart",
        "text": "购物车",
        "iconPath": "/assets/tabbar/cart.png",
        "selectedIconPath": "/assets/tabbar/cart_hover.png"
      },
      {
        "pagePath": "pages/account/account",
        "text": "我的",
        "iconPath": "/assets/tabbar/user.png",
        "selectedIconPath": "/assets/tabbar/user_hover.png"
      }
    ]
  },
  "window": {
    "backgroundTextStyle": "light",
    "navigationBarBackgroundColor": "#fff",
    "navigationBarTitleText": "测试",
    "navigationBarTextStyle": "black"
  },
  "tabBar": {
    "color": "#333",
    "selectedColor": "#000",
    "borderStyle": "black",
    "list": [
      {
        "pagePath": "pages/home/home",
        "text": "首页",
        "iconPath": "/assets/tabbar/home.png",
        "selectedIconPath": "/assets/tabbar/home_hover.png"
      },
      {
        "pagePath": "sub/Commodity/pages/plp/plp",
        "text": "全部商品",
        "iconPath": "/assets/tabbar/kind.png",
        "selectedIconPath": "/assets/tabbar/kind_hover.png"
      },
      {
        "pagePath": "sub/Store/pages/storeProducts/index",
        "text": "门店",
        "iconPath": "/assets/tabbar/kind.png",
        "selectedIconPath": "/assets/tabbar/kind_hover.png"
      },
      {
        "pagePath": "sub/Pay/pages/shopcart/shopcart",
        "text": "购物车",
        "iconPath": "/assets/tabbar/cart.png",
        "selectedIconPath": "/assets/tabbar/cart_hover.png"
      },
      {
        "pagePath": "pages/account/account",
        "text": "我的",
        "iconPath": "/assets/tabbar/user.png",
        "selectedIconPath": "/assets/tabbar/user_hover.png"
      }
    ]
  }
}
