{
  "description": "项目配置文件",
  "setting": {
    "urlCheck": false,
    "es6": true,
    "postcss": true,
    "minified": true,
    "newFeature": true,
    "nodeModules": false,
    "autoAudits": false
  },
  "compileType": "miniprogram",
  "libVersion": "2.2.5",
  "appid": "wx415d23919a51db88",
  "projectname": "%E7%94%84%E6%83%A0%E9%80%89",
  "isGameTourist": false,
  "scripts": {
    "beforeCompile": "",
    "beforePreview": "",
    "beforeUpload": "npm run lint:fix"
  },
  "simulatorType": "wechat",
  "simulatorPluginLibVersion": {},
  "condition": {
    "search": {
      "current": -1,
      "list": []
    },
    "conversation": {
      "current": -1,
      "list": []
    },
    "plugin": {
      "current": -1,
      "list": []
    },
    "game": {
      "currentL": -1,
      "list": []
    },
    "miniprogram": {
      "current": 11,
      "list": [
        {
          "id": 0,
          "name": "搜索页",
          "pathName": "sub/Base/pages/searchdetail/searchdetail",
          "query": ""
        },
        {
          "id": -1,
          "name": "全部商品",
          "pathName": "sub/Commodity/pages/plp/plp",
          "query": "",
          "scene": null
        },
        {
          "id": 2,
          "name": "购物车",
          "pathName": "sub/Pay/pages/shopcart/shopcart",
          "query": "",
          "scene": null
        },
        {
          "id": -1,
          "name": "分类",
          "pathName": "sub/Commodity/pages/category/category",
          "query": "",
          "scene": null
        },
        {
          "id": 4,
          "name": "webview",
          "pathName": "sub/Base/pages/webview/webview",
          "query": "src=https://mp.weixin.qq.com/s/OL87kndgPsaXTbJLcFWHEQ",
          "scene": null
        },
        {
          "id": -1,
          "name": "门店",
          "pathName": "sub/Store/pages/storeProducts/index",
          "query": "",
          "scene": null
        },
        {
          "id": -1,
          "name": "分销员中心",
          "pathName": "sub/Distribution/pages/center/center",
          "query": "",
          "scene": null
        },
        {
          "id": -1,
          "name": "我的客户",
          "pathName": "sub/Distribution/pages/myClient/myClient",
          "query": "",
          "scene": null
        },
        {
          "id": 8,
          "name": "首页",
          "pathName": "pages/home/home",
          "query": "sharerOpenId=111",
          "scene": null
        },
        {
          "id": -1,
          "name": "个人中心",
          "pathName": "pages/account/account",
          "query": "",
          "scene": null
        },
        {
          "id": -1,
          "name": "个人中心",
          "pathName": "sub/Commodity/pages/pdp/pdp",
          "query": "spuCode=ff4a3af7-bafd-46f4-8ce0-7d44e407d91b",
          "scene": null
        },
        {
          "id": -1,
          "name": "pdp",
          "pathName": "sub/Commodity/pages/pdp/pdp",
          "query": "spuCode=3a35bed9-932c-404d-8150-8647a8502228&__key_=15560859180652",
          "scene": null
        }
      ]
    }
  }
}
