{
  "usingComponents": {
    "reload": "../../components/reload/index",
    "no-record": "../../components/noRecord/index",
    "product-image": "../../components/image/productImage",
    "price-view": "../../components/priceView/index",
    "crown-image": "../../components/image/crownImage",
    "avatar-image": "../../components/image/avatarImage",
    "count-down": "../../components/countDown/index",
    "campaign-description": "../components/campaignDescription/index",
    "participated-avatar-modal": "../components/participatedAvatarModal/index",
    "back-home-with-circle": "../../components/backHomeWithCircle/index"
  },
  "navigationBarTitleText": "拼团详情",
  "enablePullDownRefresh": true,
  "backgroundTextStyle": "dark",
  "backgroundColor": "#F3F3F3"
}