{
  "usingComponents": {
    "campaign-rule": "../components/campaignRule/index",
    "message-modal": "../components/messageModal/index",
    "prize-modal": "../components/prizeModal/index",
    "wheel-of-fortune": "../components/wheelOfFortune/index",
    "prize-list-item": "../components/prizeListItem/index",
    "back-home-with-circle": "../../components/backHomeWithCircle/index"
  },
  "navigationBarTitleText": "抽奖详情",
  "enablePullDownRefresh": true,
  "navigationBarTextStyle": "white",
  "backgroundColor": "#FF7A39",
  "navigationBarBackgroundColor": "#FF7A39"
}